Patient_ID,TP53,EGFR,IDH1,PTEN,TERT
P001,Mutated,Amplified,Wildtype,Deleted,Mutated
P002,Wildtype,Amplified,R132H,Wildtype,Mutated
P003,Mutated,Amplified,Wildtype,Deleted,Mutated
P004,Mutated,Wildtype,R132H,Deleted,Wildtype
P005,Wildtype,Amplified,Wildtype,Deleted,Mutated
P006,Mutated,Amplified,Wildtype,Deleted,Mutated
P007,Wildtype,Wildtype,R132H,Wildtype,Wildtype
P008,Mutated,Amplified,Wildtype,Deleted,Mutated
P009,Mutated,Amplified,Wildtype,Wildtype,Mutated
P010,Wildtype,Amplified,R132H,Deleted,Mutated
P011,Mutated,Amplified,Wildtype,Deleted,Mutated
P012,Wildtype,Wildtype,Wildtype,Wildtype,Wildtype
P013,Mutated,Amplified,Wildtype,Deleted,Mutated
P014,Mutated,Amplified,R132H,Deleted,Mutated
P015,Wildtype,Amplified,Wildtype,Wildtype,Mutated
P016,Mutated,Amplified,Wildtype,Deleted,Mutated
P017,Wildtype,Wildtype,R132H,Wildtype,Wildtype
P018,Mutated,Amplified,Wildtype,Deleted,Mutated
P019,Mutated,Amplified,Wildtype,Deleted,Mutated
P020,Wildtype,Amplified,R132H,Wildtype,Mutated